V1	V2	V3	V4	V5	V6	V7	V8
1	2	3	4	5	6	1.06247324205224	0.040821994520255
1	2	3	4	6	5	1.09983473036027	0.257812837067414
1	2	3	5	4	6	1.06126109361585	0.0705946297234685
1	2	3	5	6	4	1.07228228545278	0.29382012392163
1	2	3	6	4	5	0.736621493791412	0.0225576415122981
1	2	3	6	5	4	0.69573960376249	0.0217078821699476
1	2	4	3	5	6	1.08923699881725	0.036993987246443
1	2	4	3	6	5	1.11782190489878	0.253453628352026
1	2	4	5	3	6	1.16855649640462	0.0759488328807557
1	2	4	5	6	3	1.06033074778834	0.298243189208497
1	2	4	6	3	5	0.814148517127231	0.0315441827076836
1	2	4	6	5	3	0.684310565043188	0.0286345305962799
1	2	5	3	4	6	1.22092980308204	0.0600682510810545
1	2	5	3	6	4	1.15126360003787	0.28478628023849
1	2	5	4	3	6	1.31760300206068	0.0693046297886193
1	2	5	4	6	3	1.12488418649121	0.293687554806248
1	2	5	6	3	4	0.941398980170664	0.0905609259701482
1	2	5	6	4	3	0.857548882497066	0.0883822102328524
1	2	6	3	4	5	1.44912639535256	0.313666188235402
1	2	6	3	5	4	1.36272213956263	0.316350646222464
1	2	6	4	3	5	1.5979029299054	0.330394320875022
1	2	6	4	5	3	1.39505519676498	0.330774089491158
1	2	6	5	3	4	1.77455837831009	0.420174667320707
1	2	6	5	4	3	1.67644455664959	0.417611166207032
1	3	2	4	5	6	0.958802688606451	0.0195400258626259
1	3	2	4	6	5	1.05858180016754	0.393761099949409
1	3	2	5	4	6	0.970294024275195	0.0610479221551337
1	3	2	5	6	4	1.08951220197945	0.507718306891459
1	3	2	6	4	5	0.673908386663421	0.190754195908294
1	3	2	6	5	4	0.663269052076448	0.231227035560279
1	3	4	2	5	6	0.955662345606672	0.000784572616930929
1	3	4	2	6	5	1.04291040640268	0.361214098156669
1	3	4	5	2	6	1.07190881034671	0.00781799871750805
1	3	4	5	6	2	0.785172423575066	0.313449409936528
1	3	4	6	2	5	0.692238726264253	0.0790905552150904
1	3	4	6	5	2	0.332566178160569	0.0355742596286379
1	3	5	2	4	6	1.10037313718104	0.0388019594035049
1	3	5	2	6	4	1.14528289168683	0.469787801325559
1	3	5	4	2	6	1.22164031311781	0.00520408837116084
1	3	5	4	6	2	0.868242113090459	0.312146420648776
1	3	5	6	2	4	0.828909948192272	0.181941664974833
1	3	5	6	4	2	0.509960226218937	0.0970383675509598
1	3	6	2	4	5	1.54119284032492	0.541128079451886
1	3	6	2	5	4	1.51895480312379	0.602080733442358
1	3	6	4	2	5	1.54271133198178	0.419466885179863
1	3	6	4	5	2	1.1570703634314	0.355823037803666
1	3	6	5	2	4	1.75219096273471	0.571825584731213
1	3	6	5	4	2	1.45050547452096	0.442989882245472
1	4	2	3	5	6	0.827422536128217	0.0172459710657619
1	4	2	3	6	5	0.934294413864427	0.377702864252627
1	4	2	5	3	6	0.905031430121174	0.0686167285080248
1	4	2	5	6	3	0.961833884107145	0.505078904351825
1	4	2	6	3	5	0.630674096858762	0.1892608290337
1	4	2	6	5	3	0.558567811899327	0.229649836212011
1	4	3	2	5	6	0.804614648566518	0.00221640262222925
1	4	3	2	6	5	0.907834337489644	0.350447426405537
1	4	3	5	2	6	0.894612036293471	0.00995466440629629
1	4	3	5	6	2	0.645923454193412	0.30679456793259
1	4	3	6	2	5	0.564979475797983	0.0683452981902704
1	4	3	6	5	2	0.217404913627645	0.0273114433837549
1	4	5	2	3	6	1.01345760919024	0.0464240570008963
1	4	5	2	6	3	0.998054988145451	0.46747486812436
1	4	5	3	2	6	1.02781618865459	0.00384423298086661
1	4	5	3	6	2	0.713714760609784	0.301121939567679
1	4	5	6	2	3	0.703097572561076	0.180522545025673
1	4	5	6	3	2	0.464909596069768	0.0979294985111663
1	4	6	2	3	5	1.45641034023534	0.537730964930708
1	4	6	2	5	3	1.37439321504861	0.598872741738896
1	4	6	3	2	5	1.29208900748082	0.398240354892723
1	4	6	3	5	2	0.925667342849678	0.338564575791232
1	4	6	5	2	3	1.57636556923651	0.568581667742765
1	4	6	5	3	2	1.36265375487444	0.442759515924673
1	5	2	3	4	6	0.720073053104063	0.0557636903544393
1	5	2	3	6	4	0.790855730410968	0.364514207204891
1	5	2	4	3	6	0.775530830751447	0.065694744013655
1	5	2	4	6	3	0.769050299680936	0.37803622567016
1	5	2	6	3	4	0.586862097946505	0.182015835230763
1	5	2	6	4	3	0.524668415325634	0.181994668532748
1	5	3	2	4	6	0.700665838805057	0.043884034316595
1	5	3	2	6	4	0.770302868196134	0.341030593297595
1	5	3	4	2	6	0.774433561020304	0.0227221544067626
1	5	3	4	6	2	0.495248006410976	0.261630618576815
1	5	3	6	2	4	0.488655372493811	0.0631675277726031
1	5	3	6	4	2	0.17639534123414	0.0231916183424406
1	5	4	2	3	6	0.763153283259987	0.0500409387550963
1	5	4	2	6	3	0.749266341446953	0.34964024280137
1	5	4	3	2	6	0.783266534969808	0.0191771824863149
1	5	4	3	6	2	0.494188602790591	0.257439870538448
1	5	4	6	2	3	0.482443887549761	0.0725831685217939
1	5	4	6	3	2	0.244640329370752	0.0322548333688227
1	5	6	2	3	4	1.31381149573946	0.521579119641451
1	5	6	2	4	3	1.25048160175334	0.52195158608904
1	5	6	3	2	4	1.10000063645662	0.382319060250274
1	5	6	3	4	2	0.798583302675227	0.320854866964992
1	5	6	4	2	3	1.14245196759802	0.40046553599146
1	5	6	4	3	2	0.931240438072625	0.337600425417461
1	6	2	3	4	5	0.659242376655957	0.0604058002907639
1	6	2	3	5	4	0.615528351514079	0.0124556899374865
1	6	2	4	3	5	0.700332228471765	0.0707460914248433
1	6	2	4	5	3	0.57959246181356	0.013468389548288
1	6	2	5	3	4	0.766309093094962	0.0672261368404542
1	6	2	5	4	3	0.696020571857856	0.0579807637189201
1	6	3	2	4	5	0.660498123870153	0.0575550110721421
1	6	3	2	5	4	0.619464553348385	0.00858135530192229
1	6	3	4	2	5	0.67047936191577	0.0318209710059047
1	6	3	4	5	2	0.311801161901316	0.0531883401724774
1	6	3	5	2	4	0.692723197558262	0.0140087509701897
1	6	3	5	4	2	0.391007783411654	0.0853128932092286
1	6	4	2	3	5	0.701585920156984	0.0634642437967043
1	6	4	2	5	3	0.583700294896997	0.0053696030288695
1	6	4	3	2	5	0.672522059873915	0.027574995206535
1	6	4	3	5	2	0.307912829962063	0.0487801423231494
1	6	4	5	2	3	0.667886074730075	0.0100091014105354
1	6	4	5	3	2	0.446286834151333	0.09048013058249
1	6	5	2	3	4	0.77549264888495	0.04975270410189
1	6	5	2	4	3	0.702357072987168	0.0405966081519775
1	6	5	3	2	4	0.702022213111231	0.00126473722147245
1	6	5	3	4	2	0.396144275468947	0.070330497912798
1	6	5	4	2	3	0.675236170333585	0.00143479464558361
1	6	5	4	3	2	0.458527538740955	0.0799481816466081
2	1	3	4	5	6	2.94690576076533	0.0337258640490751
2	1	3	4	6	5	6.1539356133196	0.829890059647898
2	1	3	5	4	6	2.24976667311509	0.00297471202405897
2	1	3	5	6	4	2.86070962239642	0.994212122694366
2	1	3	6	4	5	0.539290379442889	0.0989253542604537
2	1	3	6	5	4	0.503738522240792	0.211295575394247
2	1	4	3	5	6	3.01097460158772	0.03249656118804
2	1	4	3	6	5	7.35703521445752	0.827866818506823
2	1	4	5	3	6	2.39543554586618	0.00196814303203881
2	1	4	5	6	3	2.89180953475319	1.02553180209286
2	1	4	6	3	5	0.624292664888238	0.101984448581488
2	1	4	6	5	3	0.535748896465447	0.229839875009817
2	1	5	3	4	6	3.02333268353634	0.0128521523597046
2	1	5	3	6	4	4.2573978440202	1.02968633407282
2	1	5	4	3	6	3.24705864128578	0.0130397465741468
2	1	5	4	6	3	4.2792184269899	1.06471363354602
2	1	5	6	3	4	0.74691961216245	0.233707426332161
2	1	5	6	4	3	0.693958467292917	0.249120305812222
2	1	6	3	4	5	2.82240759075838	0.547327492495661
2	1	6	3	5	4	2.59161989452025	0.73516159876056
2	1	6	4	3	5	3.4767905716288	0.553656880230355
2	1	6	4	5	3	2.86287011609663	0.769240637855111
2	1	6	5	3	4	3.92558405632868	0.745741313998183
2	1	6	5	4	3	3.53699652512178	0.772256905026414
2	3	1	4	5	6	3.42295370881741	1.31889886156116
2	3	1	4	6	5	3.91880165905526	2.85557594661136
2	3	1	5	4	6	2.63939639573853	1.11099870746839
2	3	1	5	6	4	2.70822574403584	2.17373790094883
2	3	1	6	4	5	1.01408902178996	0.39952031484472
2	3	1	6	5	4	0.94768843627653	0.407862623392006
2	3	4	1	5	6	1.34041637258925	0.190229348817225
2	3	4	1	6	5	1.14092819585207	0.501513174174565
2	3	4	5	1	6	3.3172037328189	1.24101169789427
2	3	4	5	6	1	1.97617446727106	0.883619037323557
2	3	4	6	1	5	1.07630919315577	0.709475098541204
2	3	4	6	5	1	0.966889580345805	0.177631170336561
2	3	5	1	4	6	1.35786332113451	0.119630689550355
2	3	5	1	6	4	0.992613554764776	0.423674815198591
2	3	5	4	1	6	4.24598029112691	1.2455945152993
2	3	5	4	6	1	2.05671453705367	0.901208245291018
2	3	5	6	1	4	1.17640966101694	0.745889959667801
2	3	5	6	4	1	1.10971363743585	0.192090403463369
2	3	6	1	4	5	1.0232757118675	0.0678575965230487
2	3	6	1	5	4	0.857232622187669	0.0801930777283864
2	3	6	4	1	5	3.28510324274863	1.57231890837647
2	3	6	4	5	1	1.93088542730157	0.624033169782077
2	3	6	5	1	4	3.55919917355616	1.65393963776759
2	3	6	5	4	1	2.16903472706853	0.633057164307098
2	4	1	3	5	6	3.53991293748198	1.39162271805594
2	4	1	3	6	5	4.05158241504258	3.04847439959728
2	4	1	5	3	6	2.60749943626789	1.15236702021763
2	4	1	5	6	3	2.57636172977106	2.17997640995073
2	4	1	6	3	5	0.960062286154203	0.407023607819676
2	4	1	6	5	3	0.830628588647139	0.409435891636063
2	4	3	1	5	6	1.22228305411572	0.214652125315613
2	4	3	1	6	5	1.01938100556987	0.519800960332597
2	4	3	5	1	6	3.19888167501831	1.29190937343284
2	4	3	5	6	1	1.83795439728542	0.858054308066468
2	4	3	6	1	5	0.958200160020336	0.714052449907535
2	4	3	6	5	1	0.843804852642497	0.161249648355985
2	4	5	1	3	6	1.28071156557034	0.13282369855032
2	4	5	1	6	3	0.834184080340011	0.422976176369662
2	4	5	3	1	6	3.84389861366184	1.28617264696972
2	4	5	3	6	1	1.89692523157139	0.870293496201173
2	4	5	6	1	3	1.07803288816903	0.746915636804698
2	4	5	6	3	1	1.06119400320709	0.178106600124739
2	4	6	1	3	5	0.932746940530931	0.0703689664476355
2	4	6	1	5	3	0.680805093963321	0.0793594684793629
2	4	6	3	1	5	2.74963788317546	1.56604520185113
2	4	6	3	5	1	1.70104475220406	0.593099047089555
2	4	6	5	1	3	3.1639477619507	1.65308261554366
2	4	6	5	3	1	2.07028944193313	0.609645881179347
2	5	1	3	4	6	3.66441157570182	1.78082222257004
2	5	1	3	6	4	3.49084497986234	3.20144331355595
2	5	1	4	3	6	3.5220263173927	1.74918350246297
2	5	1	4	6	3	3.34073418087768	2.99398513220251
2	5	1	6	3	4	0.854242050726635	0.421871442196022
2	5	1	6	4	3	0.792821152842316	0.415839704149642
2	5	3	1	4	6	1.08557085666335	0.306094242025488
2	5	3	1	6	4	0.719447779272495	0.520060791894328
2	5	3	4	1	6	4.57345521148816	1.74842614045706
2	5	3	4	6	1	1.7116670516423	0.713525182173676
2	5	3	6	1	4	0.893801524668992	0.727735577778201
2	5	3	6	4	1	0.793972804275699	0.0611302050126066
2	5	4	1	3	6	1.12972610811932	0.294859691770651
2	5	4	1	6	3	0.689994657643715	0.50101293312481
2	5	4	3	1	6	4.28771088966476	1.73188723643643
2	5	4	3	6	1	1.70761822845614	0.709353227207601
2	5	4	6	1	3	0.913707081095274	0.724097859602517
2	5	4	6	3	1	0.86811159960194	0.0634795702275308
2	5	6	1	3	4	0.618219384177015	0.0674852321744803
2	5	6	1	4	3	0.532998721802874	0.0641600553749148
2	5	6	3	1	4	2.28705093154556	1.56952677048039
2	5	6	3	4	1	1.53358772229728	0.429319486369133
2	5	6	4	1	3	2.39330595827222	1.5750297787564
2	5	6	4	3	1	1.65488090860333	0.435878490250783
2	6	1	3	4	5	3.52984861337858	2.22437542241014
2	6	1	3	5	4	3.10392228780688	1.7060643102273
2	6	1	4	3	5	3.55120116030682	2.17848253166715
2	6	1	4	5	3	3.09562525082257	1.61298580286906
2	6	1	5	3	4	2.56614987870151	1.40496620430769
2	6	1	5	4	3	2.50449544775652	1.35475794421095
2	6	3	1	4	5	0.525687157593331	0.357813676983712
2	6	3	1	5	4	0.392216708420076	0.261944549268852
2	6	3	4	1	5	3.36963569319039	2.08339156378578
2	6	3	4	5	1	1.31357090111038	0.0293124791784441
2	6	3	5	1	4	2.76144934239115	1.52073650962471
2	6	3	5	4	1	1.34794106448854	0.00520728249106621
2	6	4	1	3	5	0.573198583108611	0.345545179919474
2	6	4	1	5	3	0.375037857070518	0.235379588942355
2	6	4	3	1	5	3.25192045944997	2.05525660788371
2	6	4	3	5	1	1.31481022831052	0.0262234159162784
2	6	4	5	1	3	2.70232072278697	1.4564559849348
2	6	4	5	3	1	1.40762180667068	0.00332373538284827
2	6	5	1	3	4	0.448434346637722	0.172558086276562
2	6	5	1	4	3	0.380887884716945	0.158297831594528
2	6	5	3	1	4	2.59155027191752	1.48408249447836
2	6	5	3	4	1	1.33307874616943	0.000676604536377551
2	6	5	4	1	3	2.58992015498228	1.43688295624338
2	6	5	4	3	1	1.39465580869862	0.00180694451115599
3	1	2	4	5	6	2.02520993069625	0.0845860679500739
3	1	2	4	6	5	3.49823492444327	1.01572922886442
3	1	2	5	4	6	1.86555304396861	0.0816452256417513
3	1	2	5	6	4	3.49597509709695	1.34241475013269
3	1	2	6	4	5	0.748003479446014	0.34652703382325
3	1	2	6	5	4	0.760462839986652	0.504993837691862
3	1	4	2	5	6	1.85974015689926	0.0410973805158845
3	1	4	2	6	5	2.80882163259892	0.899606012370228
3	1	4	5	2	6	1.90964495053337	0.0838277189366222
3	1	4	5	6	2	2.66167282136897	0.7703916173664
3	1	4	6	2	5	0.800290301550776	0.285927936816
3	1	4	6	5	2	0.564872581837379	0.165388151288931
3	1	5	2	4	6	2.08163490564342	0.0486520407917173
3	1	5	2	6	4	3.73031346295226	1.22338546717669
3	1	5	4	2	6	2.25646594131287	0.0946841377064605
3	1	5	4	6	2	3.56415502224825	0.795715193717717
3	1	5	6	2	4	0.971204587765425	0.47770061468786
3	1	5	6	4	2	0.742764614285983	0.198345872453162
3	1	6	2	4	5	4.2106467206517	0.847841843746932
3	1	6	2	5	4	5.39332401403743	1.12990481847999
3	1	6	4	2	5	3.3251718509651	0.848810166269279
3	1	6	4	5	2	3.17893559863711	0.641928983392326
3	1	6	5	2	4	7.3835476483342	1.18174066261005
3	1	6	5	4	2	5.46791854487525	0.672617042310986
3	2	1	4	5	6	2.82187558276267	1.61527478545109
3	2	1	4	6	5	3.7240816894944	2.50362018244222
3	2	1	5	4	6	2.58626079098423	1.40706643157688
3	2	1	5	6	4	3.24177032243574	1.90720948936153
3	2	1	6	4	5	1.50445915823548	0.472678808224398
3	2	1	6	5	4	1.44424107564158	0.440038637034374
3	2	4	1	5	6	1.15265129200886	0.244692093217661
3	2	4	1	6	5	1.038816543307	0.423656168927857
3	2	4	5	1	6	2.93977401558823	1.92896418976632
3	2	4	5	6	1	3.37228681263423	0.637315071302432
3	2	4	6	1	5	1.64625209926884	0.95407727497032
3	2	4	6	5	1	1.91867440174601	0.108838251233451
3	2	5	1	4	6	1.2298458332834	0.183574899296158
3	2	5	1	6	4	0.965951083148202	0.330185736010236
3	2	5	4	1	6	3.11846425938913	1.90637560337777
3	2	5	4	6	1	3.27040329160538	0.642177407830114
3	2	5	6	1	4	1.80661644694404	0.960516497773645
3	2	5	6	4	1	2.06457104457797	0.13499306213173
3	2	6	1	4	5	1.07178652072167	0.0694467666668391
3	2	6	1	5	4	0.919089276121455	0.0537097719435001
3	2	6	4	1	5	3.60981398966104	2.10466604581032
3	2	6	4	5	1	2.85420884443	0.483759400418875
3	2	6	5	1	4	5.76923291176642	2.15334885760628
3	2	6	5	4	1	3.26164578842038	0.517728510546663
3	4	1	2	5	6	1.81337609107185	0.85709605072842
3	4	1	2	6	5	2.05697033277183	1.60349549067547
3	4	1	5	2	6	2.23382918145017	1.02455696569557
3	4	1	5	6	2	2.31458145159419	1.83619078225944
3	4	1	6	2	5	1.18989275524951	0.453480020628497
3	4	1	6	5	2	0.822366036218288	0.416907585039903
3	4	2	1	5	6	0.858581167260882	0.0328753630678715
3	4	2	1	6	5	0.76782699851472	0.315449430754457
3	4	2	5	1	6	2.57340264455882	1.34169304781621
3	4	2	5	6	1	3.22418622194864	1.08464490350547
3	4	2	6	1	5	1.31083745007527	1.04108007142337
3	4	2	6	5	1	1.59174393675799	0.403631190733079
3	4	5	1	2	6	1.13344612435843	0.0775289683150644
3	4	5	1	6	2	0.778540035875051	0.334842304760647
3	4	5	2	1	6	2.66696792211607	1.25673723385203
3	4	5	2	6	1	2.92779704883383	1.00572264554049
3	4	5	6	1	2	1.2371205077723	0.939264304559038
3	4	5	6	2	1	1.82417817038473	0.382632054581631
3	4	6	1	2	5	0.968445486232523	0.0917915770713399
3	4	6	1	5	2	0.67625771578119	0.0612966811432059
3	4	6	2	1	5	5.34964104035471	2.28586151593545
3	4	6	2	5	1	3.10625454026784	0.901189624954997
3	4	6	5	1	2	5.84687538607382	2.15114977617651
3	4	6	5	2	1	3.33090228229798	0.935215474590144
3	5	1	2	4	6	1.77132735915067	1.04334938480991
3	5	1	2	6	4	1.93192682791039	1.62807217523639
3	5	1	4	2	6	2.46501791812851	1.42374273269823
3	5	1	4	6	2	2.74396436719993	2.43231374440213
3	5	1	6	2	4	1.09988191247626	0.464080964504862
3	5	1	6	4	2	0.792470832218438	0.459340466131002
3	5	2	1	4	6	0.739177304365818	0.0956432711798505
3	5	2	1	6	4	0.520766018209729	0.309811173896627
3	5	2	4	1	6	2.63094653378241	1.61031118428346
3	5	2	4	6	1	2.77963128047335	0.814026577747113
3	5	2	6	1	4	1.34936421702386	1.04783059769917
3	5	2	6	4	1	1.56947120515423	0.262475243982091
3	5	4	1	2	6	0.950406727356797	0.201889468528752
3	5	4	1	6	2	0.62692936918616	0.422457481901359
3	5	4	2	1	6	2.46471138994264	1.51556380817242
3	5	4	2	6	1	2.58528188697989	0.747828622052032
3	5	4	6	1	2	1.07171410978379	0.939016691609973
3	5	4	6	2	1	1.64349463727666	0.215085701533468
3	5	6	1	2	4	0.678423041458981	0.0854525913262891
3	5	6	1	4	2	0.53398892116611	0.070907316130738
3	5	6	2	1	4	5.99888130939092	2.27493159213131
3	5	6	2	4	1	2.8927662430509	0.668497194493183
3	5	6	4	1	2	3.06411493738057	2.09346358861404
3	5	6	4	2	1	2.67381127234398	0.654922868966317
3	6	1	2	4	5	1.90316527142937	1.20922416759227
3	6	1	2	5	4	1.82710159893076	1.0060396972852
3	6	1	4	2	5	3.57355140832484	1.65491723353917
3	6	1	4	5	2	2.86767665321021	1.86318332714714
3	6	1	5	2	4	3.06555359949631	1.19550246152656
3	6	1	5	4	2	2.4611322594101	1.61251089094214
3	6	2	1	4	5	0.33654215034358	0.12012496143829
3	6	2	1	5	4	0.22899224066561	0.051498445336621
3	6	2	4	1	5	3.76865699634757	1.79926555563545
3	6	2	4	5	1	2.23562702787232	0.0351924132920265
3	6	2	5	1	4	6.95002527079148	1.4933352328086
3	6	2	5	4	1	2.46329481561265	0.0391296494976708
3	6	4	1	2	5	0.565172204143055	0.233973148699489
3	6	4	1	5	2	0.351241140963021	0.277166115843553
3	6	4	2	1	5	3.66642425555651	1.72982951952966
3	6	4	2	5	1	2.22668006635153	0.016099412342889
3	6	4	5	1	2	4.40737924979506	2.21848555470931
3	6	4	5	2	1	2.83758132007744	0.0524064895501248
3	6	5	1	2	4	0.484981921843816	0.0993790744822714
3	6	5	1	4	2	0.367809285668433	0.212018869717074
3	6	5	2	1	4	4.23833779808932	1.41334124630521
3	6	5	2	4	1	2.33678844067535	0.0173412751428458
3	6	5	4	1	2	3.78673483939461	2.15773974703863
3	6	5	4	2	1	2.68509659274671	0.0496994137697967
4	1	2	3	5	6	2.37119831032977	0.0804219611670701
4	1	2	3	6	5	3.89733569206161	1.00067775170367
4	1	2	5	3	6	2.20258395000972	0.0794404323981194
4	1	2	5	6	3	3.78533652660699	1.37687251819674
4	1	2	6	3	5	0.796675304470175	0.335884942122421
4	1	2	6	5	3	0.746409003025848	0.513269268266517
4	1	3	2	5	6	2.14324931950263	0.0383451221605519
4	1	3	2	6	5	2.99821599759827	0.888338572629263
4	1	3	5	2	6	2.08635247353973	0.0827081808757634
4	1	3	5	6	2	2.74861818043293	0.76487225037693
4	1	3	6	2	5	0.768976259387815	0.272269311355671
4	1	3	6	5	2	0.517372124534426	0.153775055486761
4	1	5	2	3	6	2.57940470455871	0.0464535186463098
4	1	5	2	6	3	4.13824736614255	1.25346276387097
4	1	5	3	2	6	2.56719079889403	0.0921790834279727
4	1	5	3	6	2	3.8893640305571	0.78782539294394
4	1	5	6	2	3	0.943277126028746	0.48692804407772
4	1	5	6	3	2	0.767113107235676	0.190559296382391
4	1	6	2	3	5	5.07167632413891	0.830839493055425
4	1	6	2	5	3	5.19621615464638	1.14686490717836
4	1	6	3	2	5	3.01676531253649	0.823440942466606
4	1	6	3	5	2	2.78774628543725	0.621931397998682
4	1	6	5	2	3	5.90748230869089	1.20244451775599
4	1	6	5	3	2	8.8714083670547	0.660682120320472
4	2	1	3	5	6	2.97522139828264	1.69199038555137
4	2	1	3	6	5	3.761593865719	2.67709572124681
4	2	1	5	3	6	2.7532993994767	1.44958958655217
4	2	1	5	6	3	3.19607275621933	1.92779938231692
4	2	1	6	3	5	1.57707187129422	0.480186927256278
4	2	1	6	5	3	1.39775831010648	0.438723316998478
4	2	3	1	5	6	1.28425364404749	0.268428296086618
4	2	3	1	6	5	1.09385370889631	0.449029544462419
4	2	3	5	1	6	3.11852424107966	1.96553744603306
4	2	3	5	6	1	3.4435420188751	0.636816810377388
4	2	3	6	1	5	1.62970760861788	0.943529340392333
4	2	3	6	5	1	1.99239284309456	0.100397740903809
4	2	5	1	3	6	1.44880662144032	0.196515217831975
4	2	5	1	6	3	0.958297834581918	0.335879844954375
4	2	5	3	1	6	3.32439248250176	1.92021660075047
4	2	5	3	6	1	3.37965431806585	0.637277546282923
4	2	5	6	1	3	1.77814219954193	0.943076587965753
4	2	5	6	3	1	2.21651346328569	0.129582136219801
4	2	6	1	3	5	1.19120264503573	0.0753081063700381
4	2	6	1	5	3	0.887109658865225	0.0545503430005797
4	2	6	3	1	5	3.35937195156608	2.05138377464881
4	2	6	3	5	1	2.85236708732823	0.468242557539474
4	2	6	5	1	3	5.08383613307158	2.10178096740949
4	2	6	5	3	1	3.30547363055317	0.510275552300462
4	3	1	2	5	6	2.11417631507829	0.847540456045028
4	3	1	2	6	5	2.26805582289171	1.61818772684351
4	3	1	5	2	6	2.47839431413074	1.01582570734032
4	3	1	5	6	2	2.46439448573308	1.85084241028718
4	3	1	6	2	5	1.32435423268119	0.452928284258345
4	3	1	6	5	2	0.909125498384847	0.414039297638483
4	3	2	1	5	6	1.147770931714	0.0312417236168231
4	3	2	1	6	5	0.970438549817807	0.322917005681064
4	3	2	5	1	6	2.93057069564561	1.30737009493714
4	3	2	5	6	1	3.29427867125548	1.11601205298428
4	3	2	6	1	5	1.3946228695011	1.02330867932524
4	3	2	6	5	1	1.72528610130994	0.412997223183083
4	3	5	1	2	6	1.43690021896799	0.0765267827601244
4	3	5	1	6	2	0.938889392815112	0.341206419452074
4	3	5	2	1	6	3.15916250137601	1.22423811181463
4	3	5	2	6	1	3.02890624270854	1.03390746459588
4	3	5	6	1	2	1.30036608630959	0.920965960365168
4	3	5	6	2	1	1.99442628934098	0.392771032392176
4	3	6	1	2	5	1.17924221942853	0.0952046730677681
4	3	6	1	5	2	0.826707900629617	0.0629630314882981
4	3	6	2	1	5	5.85546647310596	2.23445319159187
4	3	6	2	5	1	3.12802922465384	0.919060701756059
4	3	6	5	1	2	6.92936795794604	2.1010321509159
4	3	6	5	2	1	3.39463146036822	0.95611936898044
4	5	1	2	3	6	1.9836323356011	1.06862977005851
4	5	1	2	6	3	1.9480787538156	1.64623580408382
4	5	1	3	2	6	2.63537282526969	1.48456571285769
4	5	1	3	6	2	2.8795331240154	2.59138937165602
4	5	1	6	2	3	1.05793003100298	0.464895853662953
4	5	1	6	3	2	0.82042589151075	0.466457388722676
4	5	2	1	3	6	0.921519589653348	0.105999391096799
4	5	2	1	6	3	0.52400786967575	0.316263493573966
4	5	2	3	1	6	2.84654462381653	1.61039635518849
4	5	2	3	6	1	2.78869740397226	0.80367521994539
4	5	2	6	1	3	1.32763439292415	1.03059785624509
4	5	2	6	3	1	1.65306729637354	0.254603752910701
4	5	3	1	2	6	1.06578177693217	0.223764419441401
4	5	3	1	6	2	0.660521670398657	0.44740672514607
4	5	3	2	1	6	2.70098035052694	1.52894248471363
4	5	3	2	6	1	2.59543322446842	0.742431159238036
4	5	3	6	1	2	1.03020030899945	0.927989482174824
4	5	3	6	2	1	1.68196756791249	0.204864155922303
4	5	6	1	2	3	0.644885445052211	0.0878037349026256
4	5	6	1	3	2	0.589015369714434	0.0765799752736193
4	5	6	2	1	3	4.92307075576193	2.22155367466333
4	5	6	2	3	1	2.85731812009258	0.657132064103194
4	5	6	3	1	2	2.77717355938471	2.03992624291291
4	5	6	3	2	1	2.62580415370531	0.6356420393693
4	6	1	2	3	5	1.98484540425291	1.24200529597521
4	6	1	2	5	3	1.81783000812117	0.998831271985832
4	6	1	3	2	5	3.49679370066138	1.73497058685363
4	6	1	3	5	2	2.87635239131492	1.96532319933475
4	6	1	5	2	3	2.99192846141572	1.18959409174135
4	6	1	5	3	2	2.50204040857325	1.66841943985626
4	6	2	1	3	5	0.415530641662312	0.13168577806729
4	6	2	1	5	3	0.219560466436371	0.0499616605210176
4	6	2	3	1	5	3.64567887299738	1.80234848803729
4	6	2	3	5	1	2.33891772318292	0.0326470994077205
4	6	2	5	1	3	6.1423330067183	1.45661770519279
4	6	2	5	3	1	2.56825283656459	0.0394245040156429
4	6	3	1	2	5	0.585573053228	0.25804709737296
4	6	3	1	5	2	0.360463101023724	0.302900986634084
4	6	3	2	1	5	3.67903515609327	1.75300409915332
4	6	3	2	5	1	2.30183384646731	0.0166524363938362
4	6	3	5	1	2	4.59913021281102	2.27628739006622
4	6	3	5	2	1	2.94413468882624	0.0546842743106128
4	6	5	1	2	3	0.461575146407379	0.0985644531521845
4	6	5	1	3	2	0.416363004343015	0.226146578626765
4	6	5	2	1	3	4.13836982236486	1.37888445395933
4	6	5	2	3	1	2.43754240546744	0.0175664217755182
4	6	5	3	1	2	3.71075411015075	2.17895815786351
4	6	5	3	2	1	2.83624985912499	0.0487459309692969
5	1	2	3	4	6	4.25865226930207	0.0477789679229139
5	1	2	3	6	4	4.1135744790565	1.1720546644142
5	1	2	4	3	6	4.5678365630073	0.0496690189139052
5	1	2	4	6	3	4.01281478341969	1.21945738841777
5	1	2	6	3	4	0.699780275608316	0.367990906096325
5	1	2	6	4	3	0.639812463138117	0.38627420703376
5	1	3	2	4	6	3.41818397645697	0.0059599705200873
5	1	3	2	6	4	3.02498026015528	1.03382499684798
5	1	3	4	2	6	4.09874099691066	0.0810977215918376
5	1	3	4	6	2	5.50299228801592	0.742797242332525
5	1	3	6	2	4	0.694546585636264	0.319154297040138
5	1	3	6	4	2	0.473665942427057	0.084627233036834
5	1	4	2	3	6	3.74612811362417	0.00651205791721987
5	1	4	2	6	3	2.97842537205907	1.07201705463918
5	1	4	3	2	6	4.32227555416087	0.0797414052817226
5	1	4	3	6	2	5.97593661525667	0.74067075366706
5	1	4	6	2	3	0.697268815139274	0.341456413260634
5	1	4	6	3	2	0.542117206580007	0.0884322725516498
5	1	6	2	3	4	3.00936051498756	0.891748884760723
5	1	6	2	4	3	2.80853951617396	0.923415614818742
5	1	6	3	2	4	2.5689483922386	0.919636332302884
5	1	6	3	4	2	2.4728345709616	0.517988734261146
5	1	6	4	2	3	2.69853881915046	0.963949781247745
5	1	6	4	3	2	2.82831210401592	0.525575478335801
5	2	1	3	4	6	4.00865211393124	2.03598670648191
5	2	1	3	6	4	4.45648734319314	2.97680504844471
5	2	1	4	3	6	3.95033770397685	2.00217656771909
5	2	1	4	6	3	4.37780845939352	2.79762005752519
5	2	1	6	3	4	1.50318303381604	0.452275340227901
5	2	1	6	4	3	1.39028155154974	0.443651312189936
5	2	3	1	4	6	1.72843017718456	0.345141865032624
5	2	3	1	6	4	1.07661753760081	0.486967545696592
5	2	3	4	1	6	5.32394057302946	2.19121663441365
5	2	3	4	6	1	2.92609569156564	0.630092404054131
5	2	3	6	1	4	1.52450901673103	0.82104879832359
5	2	3	6	4	1	1.86267033209577	0.0467092842038102
5	2	4	1	3	6	1.79805728182526	0.33437611691184
5	2	4	1	6	3	1.01814248329153	0.467115920730319
5	2	4	3	1	6	5.02324094665753	2.16320705614837
5	2	4	3	6	1	2.97888762676019	0.625743788790717
5	2	4	6	1	3	1.51307650276541	0.815047149369694
5	2	4	6	3	1	1.95435358868924	0.0497122920448106
5	2	6	1	3	4	1.03108254457509	0.0686570624542514
5	2	6	1	4	3	0.897635503181349	0.0636827439040756
5	2	6	3	1	4	2.89781875008018	1.74923921067293
5	2	6	3	4	1	2.55791842962847	0.395400887212218
5	2	6	4	1	3	2.95296916225518	1.75227247746535
5	2	6	4	3	1	2.64305852012775	0.403126606284345
5	3	1	2	4	6	2.78972239022476	0.919560296341868
5	3	1	2	6	4	2.33289211935451	1.76132496152957
5	3	1	4	2	6	3.70574654793767	1.30737310238347
5	3	1	4	6	2	3.77074307688952	2.59782622708889
5	3	1	6	2	4	1.2554532838755	0.461825982913206
5	3	1	6	4	2	0.913555305885365	0.414130551886228
5	3	2	1	4	6	1.621048036076	0.0666214092732565
5	3	2	1	6	4	0.948213135977434	0.371883523211757
5	3	2	4	1	6	5.33007905944915	1.28478471687442
5	3	2	4	6	1	2.57475038483746	1.00612773405333
5	3	2	6	1	4	1.26538222301208	0.918084716562803
5	3	2	6	4	1	1.52595078930827	0.308810716778389
5	3	4	1	2	6	1.83412812605321	0.183733408899866
5	3	4	1	6	2	1.07223512351898	0.466346983159392
5	3	4	2	1	6	4.26011457690452	1.19904172943492
5	3	4	2	6	1	2.43005385714349	0.914120670411715
5	3	4	6	1	2	1.06969181932055	0.786131617979772
5	3	4	6	2	1	1.72219407372945	0.274623883606731
5	3	6	1	2	4	1.02416837864439	0.114028010680497
5	3	6	1	4	2	0.853188349906069	0.0688360469349141
5	3	6	2	1	4	3.29477699737797	1.93956447731794
5	3	6	2	4	1	2.44873552829683	0.75495920544886
5	3	6	4	1	2	3.00822453610314	1.74117369962416
5	3	6	4	2	1	2.58412802269054	0.775809479612707
5	4	1	2	3	6	2.7044542044628	0.952369873537936
5	4	1	2	6	3	2.15436454300249	1.76481802024643
5	4	1	3	2	6	3.73247959001382	1.37368770050569
5	4	1	3	6	2	3.89117523481314	2.75143011723222
5	4	1	6	2	3	1.08654555733041	0.463196157578558
5	4	1	6	3	2	0.857603775407639	0.423819965689793
5	4	2	1	3	6	1.50683215957643	0.0783894459295867
5	4	2	1	6	3	0.761515020133376	0.370855780466138
5	4	2	3	1	6	4.51417870871898	1.31839176243811
5	4	2	3	6	1	2.46092632158337	0.965794884574693
5	4	2	6	1	3	1.16032074741909	0.918673019765807
5	4	2	6	3	1	1.47054407938829	0.292193241482739
5	4	3	1	2	6	1.66084403600057	0.206350418002208
5	4	3	1	6	2	0.960921443139293	0.485031078555882
5	4	3	2	1	6	3.91260272785551	1.2407650732124
5	4	3	2	6	1	2.30486507333848	0.882864375635442
5	4	3	6	1	2	0.964653254674513	0.792480286414598
5	4	3	6	2	1	1.57246014265624	0.254861253330481
5	4	6	1	2	3	0.805795020215037	0.112961143398264
5	4	6	1	3	2	0.766626390696156	0.0728112704968397
5	4	6	2	1	3	3.04740046358401	1.93767204773026
5	4	6	2	3	1	2.36292607866351	0.727572738606305
5	4	6	3	1	2	2.6402261447916	1.73662635795265
5	4	6	3	2	1	2.39273897183384	0.736965588985108
5	6	1	2	3	4	1.98092608222139	1.14351343922234
5	6	1	2	4	3	1.89748387981752	1.10573679600295
5	6	1	3	2	4	4.12516800193338	1.65136132034089
5	6	1	3	4	2	3.7627870642843	2.50042937225513
5	6	1	4	2	3	4.16963647058677	1.56885270595882
5	6	1	4	3	2	3.75742508610904	2.45020942959614
5	6	2	1	3	4	0.366252868523664	0.107195040134885
5	6	2	1	4	3	0.282901031664353	0.0943058238311048
5	6	2	3	1	4	3.09910732122872	1.48808184441798
5	6	2	3	4	1	2.01525269724279	0.0176191338898532
5	6	2	4	1	3	3.10950685457726	1.44938146281159
5	6	2	4	3	1	2.02935552898574	0.0204157386672516
5	6	3	1	2	4	0.550273184331689	0.245914564542941
5	6	3	1	4	2	0.465030236294267	0.388973747031571
5	6	3	2	1	4	3.07723523522177	1.44243033453521
5	6	3	2	4	1	1.97263022118071	0.000800324479396256
5	6	3	4	1	2	5.05825769830388	2.6349721944642
5	6	3	4	2	1	2.44215490213824	0.063147186471683
5	6	4	1	2	3	0.510253743145545	0.221206541825604
5	6	4	1	3	2	0.500429681825354	0.3773731627009
5	6	4	2	1	3	3.02217442048691	1.39052311740801
5	6	4	2	3	1	2.00883538673607	0.000477327733989838
5	6	4	3	1	2	4.58037156816347	2.58490411372576
5	6	4	3	2	1	2.49283638535744	0.0598858963371405
6	1	2	3	4	5	1.13699292899264	0.0919727349380354
6	1	2	3	5	4	0.896278018526266	0.19405555697196
6	1	2	4	3	5	1.13239222914286	0.0897018583552378
6	1	2	4	5	3	0.784892350926389	0.204807550576927
6	1	2	5	3	4	0.751648601505682	0.146517554240404
6	1	2	5	4	3	0.649461815253346	0.159196400663011
6	1	3	2	4	5	1.02958625699221	0.0401501187307216
6	1	3	2	5	4	0.792497439671101	0.135506334601319
6	1	3	4	2	5	1.30652919401155	0.172875142623615
6	1	3	4	5	2	0.982111233954012	0.0772487925532055
6	1	3	5	2	4	0.8915986272847	0.217070630131082
6	1	3	5	4	2	0.768896041880655	0.0236150640747222
6	1	4	2	3	5	1.04312992624838	0.037305766003415
6	1	4	2	5	3	0.692767853021632	0.144799716292777
6	1	4	3	2	5	1.32316331754955	0.172087790323189
6	1	4	3	5	2	0.994366202913213	0.0764605142857994
6	1	4	5	2	3	0.818507718739505	0.226201311342766
6	1	4	5	3	2	0.791804469268161	0.0199703641949597
6	1	5	2	3	4	0.784566472202352	0.106765765118222
6	1	5	2	4	3	0.670664209196365	0.118871614809041
6	1	5	3	2	4	1.01987436014382	0.235422091495731
6	1	5	3	4	2	0.908419762185183	0.0374533688556326
6	1	5	4	2	3	0.925779331614836	0.245569364659515
6	1	5	4	3	2	0.919758248689726	0.0345132885690546
6	2	1	3	4	5	2.43176312735381	1.46468124137363
6	2	1	3	5	4	2.19386615624754	1.32071081117729
6	2	1	4	3	5	2.49041296545673	1.42913943414746
6	2	1	4	5	3	2.15090610779134	1.2641598230956
6	2	1	5	3	4	2.05375081057009	1.03099549641016
6	2	1	5	4	3	1.93838622795137	1.01109744737193
6	2	3	1	4	5	0.918408182133376	0.238684738948038
6	2	3	1	5	4	0.681827695563157	0.19800804690649
6	2	3	4	1	5	1.81172564628321	1.09747545053902
6	2	3	4	5	1	1.43748770806694	0.0600318190347328
6	2	3	5	1	4	1.46804145810749	0.884959783007653
6	2	3	5	4	1	1.38490775686516	0.0120191859731491
6	2	4	1	3	5	0.95601165042378	0.224879124563515
6	2	4	1	5	3	0.607205903891184	0.176817966479905
6	2	4	3	1	5	1.83024107858548	1.08975526699553
6	2	4	3	5	1	1.48225440986278	0.0578700542977424
6	2	4	5	1	3	1.41133122207441	0.857803395850839
6	2	4	5	3	1	1.47549358860075	0.00778335352468501
6	2	5	1	3	4	0.706247462798893	0.0936447670596298
6	2	5	1	4	3	0.589202577291603	0.0864017628981336
6	2	5	3	1	4	1.54874530470113	0.883660315635715
6	2	5	3	4	1	1.51189612323402	0.0151670232100101
6	2	5	4	1	3	1.46564138868306	0.862648050357577
6	2	5	4	3	1	1.56254617331263	0.0129803731540106
6	3	1	2	4	5	1.51413416147007	0.757671059473946
6	3	1	2	5	4	1.27982471530117	0.750586869614742
6	3	1	4	2	5	2.26458031045044	1.22709154509014
6	3	1	4	5	2	1.91940613826812	1.18104988626525
6	3	1	5	2	4	1.80387132757922	0.969992899012294
6	3	1	5	4	2	1.60411456939139	0.94272315488595
6	3	2	1	4	5	0.711652147320673	0.023521303666553
6	3	2	1	5	4	0.473204629268808	0.0244508033551596
6	3	2	4	1	5	1.45091107958737	0.775871307809692
6	3	2	4	5	1	1.08324791409283	0.156234104436926
6	3	2	5	1	4	1.11560234472606	0.705215278270552
6	3	2	5	4	1	1.03007955918501	0.116571943494275
6	3	4	1	2	5	0.952723889509264	0.18257027367536
6	3	4	1	5	2	0.621005741025028	0.163208592322794
6	3	4	2	1	5	1.39032039080208	0.708690558002859
6	3	4	2	5	1	1.05112050635511	0.111982019995377
6	3	4	5	1	2	1.22604131046352	0.812835337321132
6	3	4	5	2	1	1.33795419135841	0.187435526636373
6	3	5	1	2	4	0.687966020670201	0.0939341422254204
6	3	5	1	4	2	0.566496950921941	0.0752214319498874
6	3	5	2	1	4	1.14109785021313	0.651040407773711
6	3	5	2	4	1	1.07175349711897	0.0834443286391463
6	3	5	4	1	2	1.30927138867503	0.822997639173372
6	3	5	4	2	1	1.41667496726517	0.198015187913295
6	4	1	2	3	5	1.44235605220339	0.772045390851416
6	4	1	2	5	3	1.1040449625934	0.753619226988301
6	4	1	3	2	5	2.16073705083801	1.27980769274821
6	4	1	3	5	2	1.85973006278891	1.23788854720403
6	4	1	5	2	3	1.62397691258614	0.973573626821683
6	4	1	5	3	2	1.54844286137253	0.964843528427069
6	4	2	1	3	5	0.641053470248053	0.0284128769130945
6	4	2	1	5	3	0.301194206270316	0.0245751441240984
6	4	2	3	1	5	1.37573163177858	0.790842351053468
6	4	2	3	5	1	0.993480550825536	0.146129699713366
6	4	2	5	1	3	0.960827190687847	0.706688028167639
6	4	2	5	3	1	0.963724182485482	0.105226318858256
6	4	3	1	2	5	0.852442399418549	0.201614083586704
6	4	3	1	5	2	0.544170790159542	0.184255095090695
6	4	3	2	1	5	1.3013405831486	0.728023914269037
6	4	3	2	5	1	0.935284727637465	0.104573017190394
6	4	3	5	1	2	1.14920894835013	0.840465353983748
6	4	3	5	2	1	1.18750024197054	0.18027183617822
6	4	5	1	2	3	0.509808943609377	0.0941429089456054
6	4	5	1	3	2	0.506405695203702	0.0825899878406379
6	4	5	2	1	3	0.965565358789958	0.652710259486592
6	4	5	2	3	1	0.989973359459104	0.0726926700989455
6	4	5	3	1	2	1.23010239772258	0.845208719221254
6	4	5	3	2	1	1.27847619016708	0.188566330714556
6	5	1	2	3	4	1.1383125000051	0.799367882310576
6	5	1	2	4	3	1.03585838010511	0.787735750831412
6	5	1	3	2	4	1.86729243753437	1.3208694407355
6	5	1	3	4	2	1.82804419814303	1.41463445620393
6	5	1	4	2	3	1.81316403162218	1.27082037194994
6	5	1	4	3	2	1.83873825639715	1.38050268390905
6	5	2	1	3	4	0.297350824659636	0.0319634999560891
6	5	2	1	4	3	0.194748016045241	0.0271792353074532
6	5	2	3	1	4	1.06557315095756	0.806091878597438
6	5	2	3	4	1	0.893742608793544	0.0558289650534827
6	5	2	4	1	3	0.978881036765781	0.7924971239157
6	5	2	4	3	1	0.912884999764921	0.054277868073113
6	5	3	1	2	4	0.507686589128524	0.207275098555287
6	5	3	1	4	2	0.436812288374376	0.230156559749565
6	5	3	2	1	4	1.00072297679801	0.747468101384676
6	5	3	2	4	1	0.83801013848227	0.0214458865007075
6	5	3	4	1	2	1.26109697396265	1.06946166017416
6	5	3	4	2	1	1.14320222090014	0.142948842132467
6	5	4	1	2	3	0.43597810244851	0.188353592970477
6	5	4	1	3	2	0.455907951971379	0.216552689425831
6	5	4	2	1	3	0.917420327639553	0.729561984289538
6	5	4	2	3	1	0.872502277666636	0.0180845292233513
6	5	4	3	1	2	1.26126509586216	1.06236788061216
6	5	4	3	2	1	1.16452549466121	0.140842657746123
